{
  "trained_at": "2026-05-12T15:44:32.289033+00:00",
  "n_samples": 8000,
  "batch_size": 256,
  "epochs": 10,
  "lr": 0.001,
  "seed": 42,
  "metrics": {
    "train_loss": 7.7386817628145215,
    "val_loss": 8.238147735595703,
    "val_acc": 0.99125
  },
  "feature_count": 131
}